-- ==========================================================================
-- UGV Student Portal — demo seed (idempotent)
-- Retake policy: REPLACE — new grade replaces old for CGPA math; old F row
--   is retained with enrollment.status = 'RETAKE' and excluded from CGPA.
--   Assumption flagged for confirmation with UGV registrar.
-- ==========================================================================
BEGIN;
-- Wipe existing seed data (children -> parents)
DELETE FROM public.semester_results;
DELETE FROM public.grades;
DELETE FROM public.enrollments;
DELETE FROM public.registrations;
DELETE FROM public.payments;
DELETE FROM public.notifications;
DELETE FROM public.notices;
DELETE FROM public.course_offerings;
DELETE FROM public.courses WHERE id::text NOT IN ('44444444-4444-4444-4444-444444440001','44444444-4444-4444-4444-444444440002','44444444-4444-4444-4444-444444440003','44444444-4444-4444-4444-444444440004','44444444-4444-4444-4444-444444440005','44444444-4444-4444-4444-444444440006','44444444-4444-4444-4444-444444440007','44444444-4444-4444-4444-444444440008','44444444-4444-4444-4444-444444440009','44444444-4444-4444-4444-444444440010');
DELETE FROM public.students;
DELETE FROM public.user_roles WHERE user_id::text LIKE '55555555%' OR user_id::text LIKE '66666666%' OR user_id::text LIKE '77777777%';
DELETE FROM public.profiles  WHERE id::text LIKE '55555555%' OR id::text LIKE '66666666%' OR id::text LIKE '77777777%';
DELETE FROM auth.users        WHERE id::text LIKE '55555555%' OR id::text LIKE '66666666%' OR id::text LIKE '77777777%';
-- Departments
INSERT INTO public.departments (id, code, name) VALUES ('11111111-1111-1111-1111-111111111103', 'EEE', 'Electrical and Electronic Engineering') ON CONFLICT (id) DO NOTHING;
-- Semester 4 (Spring 2026) as the current active semester
UPDATE public.semesters SET is_current = false WHERE is_current = true;
INSERT INTO public.semesters (id, name, term, year, is_current) VALUES ('33333333-3333-3333-3333-333333333304', '4th', 'SPRING', 2026, true) ON CONFLICT (id) DO UPDATE SET is_current = EXCLUDED.is_current;
-- Programs (add EEE B.Sc.)
INSERT INTO public.programs (id, name, department_id, total_credits_required) VALUES ('22222222-2222-2222-2222-222222222204', 'BSc in Electrical and Electronic Engineering', '11111111-1111-1111-1111-111111111103', 140.00) ON CONFLICT (id) DO NOTHING;
-- New courses
INSERT INTO public.courses (id, code, title, credits, department_id) VALUES ('44444444-4444-4444-4444-444444442001', '0611-1201', 'Data Structures', 3, '11111111-1111-1111-1111-111111111101');
INSERT INTO public.course_offerings (id, course_id, semester_id, capacity, section) VALUES ('66666666-6666-6666-6666-666666642001', '44444444-4444-4444-4444-444444442001', '33333333-3333-3333-3333-333333333302', 60, 'A');
INSERT INTO public.courses (id, code, title, credits, department_id) VALUES ('44444444-4444-4444-4444-444444442002', '0611-1202', 'Data Structures Sessional', 1, '11111111-1111-1111-1111-111111111101');
INSERT INTO public.course_offerings (id, course_id, semester_id, capacity, section) VALUES ('66666666-6666-6666-6666-666666642002', '44444444-4444-4444-4444-444444442002', '33333333-3333-3333-3333-333333333302', 60, 'A');
INSERT INTO public.courses (id, code, title, credits, department_id) VALUES ('44444444-4444-4444-4444-444444442003', '0611-1203', 'Object Oriented Programming', 3, '11111111-1111-1111-1111-111111111101');
INSERT INTO public.course_offerings (id, course_id, semester_id, capacity, section) VALUES ('66666666-6666-6666-6666-666666642003', '44444444-4444-4444-4444-444444442003', '33333333-3333-3333-3333-333333333302', 60, 'A');
INSERT INTO public.courses (id, code, title, credits, department_id) VALUES ('44444444-4444-4444-4444-444444442004', '0611-1204', 'Mathematics II (Linear Algebra)', 3, '11111111-1111-1111-1111-111111111101');
INSERT INTO public.course_offerings (id, course_id, semester_id, capacity, section) VALUES ('66666666-6666-6666-6666-666666642004', '44444444-4444-4444-4444-444444442004', '33333333-3333-3333-3333-333333333302', 60, 'A');
INSERT INTO public.courses (id, code, title, credits, department_id) VALUES ('44444444-4444-4444-4444-444444443001', '0611-1301', 'Algorithms', 3, '11111111-1111-1111-1111-111111111101');
INSERT INTO public.course_offerings (id, course_id, semester_id, capacity, section) VALUES ('66666666-6666-6666-6666-666666643001', '44444444-4444-4444-4444-444444443001', '33333333-3333-3333-3333-333333333303', 60, 'A');
INSERT INTO public.courses (id, code, title, credits, department_id) VALUES ('44444444-4444-4444-4444-444444443002', '0611-1302', 'Algorithms Sessional', 1, '11111111-1111-1111-1111-111111111101');
INSERT INTO public.course_offerings (id, course_id, semester_id, capacity, section) VALUES ('66666666-6666-6666-6666-666666643002', '44444444-4444-4444-4444-444444443002', '33333333-3333-3333-3333-333333333303', 60, 'A');
INSERT INTO public.courses (id, code, title, credits, department_id) VALUES ('44444444-4444-4444-4444-444444443003', '0611-1303', 'Digital Logic Design', 3, '11111111-1111-1111-1111-111111111101');
INSERT INTO public.course_offerings (id, course_id, semester_id, capacity, section) VALUES ('66666666-6666-6666-6666-666666643003', '44444444-4444-4444-4444-444444443003', '33333333-3333-3333-3333-333333333303', 60, 'A');
INSERT INTO public.courses (id, code, title, credits, department_id) VALUES ('44444444-4444-4444-4444-444444443004', '0611-1304', 'Statistics and Probability', 3, '11111111-1111-1111-1111-111111111101');
INSERT INTO public.course_offerings (id, course_id, semester_id, capacity, section) VALUES ('66666666-6666-6666-6666-666666643004', '44444444-4444-4444-4444-444444443004', '33333333-3333-3333-3333-333333333303', 60, 'A');
INSERT INTO public.courses (id, code, title, credits, department_id) VALUES ('44444444-4444-4444-4444-444444444001', '0611-1401', 'Database Management Systems', 3, '11111111-1111-1111-1111-111111111101');
INSERT INTO public.course_offerings (id, course_id, semester_id, capacity, section) VALUES ('66666666-6666-6666-6666-666666644001', '44444444-4444-4444-4444-444444444001', '33333333-3333-3333-3333-333333333304', 60, 'A');
INSERT INTO public.courses (id, code, title, credits, department_id) VALUES ('44444444-4444-4444-4444-444444444002', '0611-1402', 'DBMS Sessional', 1, '11111111-1111-1111-1111-111111111101');
INSERT INTO public.course_offerings (id, course_id, semester_id, capacity, section) VALUES ('66666666-6666-6666-6666-666666644002', '44444444-4444-4444-4444-444444444002', '33333333-3333-3333-3333-333333333304', 60, 'A');
INSERT INTO public.courses (id, code, title, credits, department_id) VALUES ('44444444-4444-4444-4444-444444444003', '0611-1403', 'Computer Organization', 3, '11111111-1111-1111-1111-111111111101');
INSERT INTO public.course_offerings (id, course_id, semester_id, capacity, section) VALUES ('66666666-6666-6666-6666-666666644003', '44444444-4444-4444-4444-444444444003', '33333333-3333-3333-3333-333333333304', 60, 'A');
INSERT INTO public.courses (id, code, title, credits, department_id) VALUES ('44444444-4444-4444-4444-444444444004', '0611-1404', 'Numerical Methods', 3, '11111111-1111-1111-1111-111111111101');
INSERT INTO public.course_offerings (id, course_id, semester_id, capacity, section) VALUES ('66666666-6666-6666-6666-666666644004', '44444444-4444-4444-4444-444444444004', '33333333-3333-3333-3333-333333333304', 60, 'A');
INSERT INTO public.courses (id, code, title, credits, department_id) VALUES ('44444444-4444-4444-4444-444444451001', '0714-1101', 'Basic Electrical Circuits', 3, '11111111-1111-1111-1111-111111111103');
INSERT INTO public.course_offerings (id, course_id, semester_id, capacity, section) VALUES ('66666666-6666-6666-6666-666666651001', '44444444-4444-4444-4444-444444451001', '33333333-3333-3333-3333-333333333301', 60, 'A');
INSERT INTO public.courses (id, code, title, credits, department_id) VALUES ('44444444-4444-4444-4444-444444451002', '0714-1102', 'Electrical Circuits Sessional', 1, '11111111-1111-1111-1111-111111111103');
INSERT INTO public.course_offerings (id, course_id, semester_id, capacity, section) VALUES ('66666666-6666-6666-6666-666666651002', '44444444-4444-4444-4444-444444451002', '33333333-3333-3333-3333-333333333301', 60, 'A');
INSERT INTO public.courses (id, code, title, credits, department_id) VALUES ('44444444-4444-4444-4444-444444451003', '0714-1103', 'Engineering Drawing', 2, '11111111-1111-1111-1111-111111111103');
INSERT INTO public.course_offerings (id, course_id, semester_id, capacity, section) VALUES ('66666666-6666-6666-6666-666666651003', '44444444-4444-4444-4444-444444451003', '33333333-3333-3333-3333-333333333301', 60, 'A');
INSERT INTO public.courses (id, code, title, credits, department_id) VALUES ('44444444-4444-4444-4444-444444451004', '0714-1104', 'Physics I for EEE', 3, '11111111-1111-1111-1111-111111111103');
INSERT INTO public.course_offerings (id, course_id, semester_id, capacity, section) VALUES ('66666666-6666-6666-6666-666666651004', '44444444-4444-4444-4444-444444451004', '33333333-3333-3333-3333-333333333301', 60, 'A');
INSERT INTO public.courses (id, code, title, credits, department_id) VALUES ('44444444-4444-4444-4444-444444452001', '0714-1201', 'Electronic Devices and Circuits', 3, '11111111-1111-1111-1111-111111111103');
INSERT INTO public.course_offerings (id, course_id, semester_id, capacity, section) VALUES ('66666666-6666-6666-6666-666666652001', '44444444-4444-4444-4444-444444452001', '33333333-3333-3333-3333-333333333302', 60, 'A');
INSERT INTO public.courses (id, code, title, credits, department_id) VALUES ('44444444-4444-4444-4444-444444452002', '0714-1202', 'Electronic Devices Sessional', 1, '11111111-1111-1111-1111-111111111103');
INSERT INTO public.course_offerings (id, course_id, semester_id, capacity, section) VALUES ('66666666-6666-6666-6666-666666652002', '44444444-4444-4444-4444-444444452002', '33333333-3333-3333-3333-333333333302', 60, 'A');
INSERT INTO public.courses (id, code, title, credits, department_id) VALUES ('44444444-4444-4444-4444-444444452003', '0714-1203', 'Signals and Systems', 3, '11111111-1111-1111-1111-111111111103');
INSERT INTO public.course_offerings (id, course_id, semester_id, capacity, section) VALUES ('66666666-6666-6666-6666-666666652003', '44444444-4444-4444-4444-444444452003', '33333333-3333-3333-3333-333333333302', 60, 'A');
INSERT INTO public.courses (id, code, title, credits, department_id) VALUES ('44444444-4444-4444-4444-444444452004', '0714-1204', 'Mathematics II for EEE', 3, '11111111-1111-1111-1111-111111111103');
INSERT INTO public.course_offerings (id, course_id, semester_id, capacity, section) VALUES ('66666666-6666-6666-6666-666666652004', '44444444-4444-4444-4444-444444452004', '33333333-3333-3333-3333-333333333302', 60, 'A');
INSERT INTO public.courses (id, code, title, credits, department_id) VALUES ('44444444-4444-4444-4444-444444453001', '0714-1301', 'Power Systems I', 3, '11111111-1111-1111-1111-111111111103');
INSERT INTO public.course_offerings (id, course_id, semester_id, capacity, section) VALUES ('66666666-6666-6666-6666-666666653001', '44444444-4444-4444-4444-444444453001', '33333333-3333-3333-3333-333333333303', 60, 'A');
INSERT INTO public.courses (id, code, title, credits, department_id) VALUES ('44444444-4444-4444-4444-444444453002', '0714-1302', 'Power Systems Sessional', 1, '11111111-1111-1111-1111-111111111103');
INSERT INTO public.course_offerings (id, course_id, semester_id, capacity, section) VALUES ('66666666-6666-6666-6666-666666653002', '44444444-4444-4444-4444-444444453002', '33333333-3333-3333-3333-333333333303', 60, 'A');
INSERT INTO public.courses (id, code, title, credits, department_id) VALUES ('44444444-4444-4444-4444-444444453003', '0714-1303', 'Digital Electronics', 3, '11111111-1111-1111-1111-111111111103');
INSERT INTO public.course_offerings (id, course_id, semester_id, capacity, section) VALUES ('66666666-6666-6666-6666-666666653003', '44444444-4444-4444-4444-444444453003', '33333333-3333-3333-3333-333333333303', 60, 'A');
INSERT INTO public.courses (id, code, title, credits, department_id) VALUES ('44444444-4444-4444-4444-444444453004', '0714-1304', 'Complex Variables and Transforms', 3, '11111111-1111-1111-1111-111111111103');
INSERT INTO public.course_offerings (id, course_id, semester_id, capacity, section) VALUES ('66666666-6666-6666-6666-666666653004', '44444444-4444-4444-4444-444444453004', '33333333-3333-3333-3333-333333333303', 60, 'A');
INSERT INTO public.courses (id, code, title, credits, department_id) VALUES ('44444444-4444-4444-4444-444444454001', '0714-1401', 'Control Systems', 3, '11111111-1111-1111-1111-111111111103');
INSERT INTO public.course_offerings (id, course_id, semester_id, capacity, section) VALUES ('66666666-6666-6666-6666-666666654001', '44444444-4444-4444-4444-444444454001', '33333333-3333-3333-3333-333333333304', 60, 'A');
INSERT INTO public.courses (id, code, title, credits, department_id) VALUES ('44444444-4444-4444-4444-444444454002', '0714-1402', 'Control Systems Sessional', 1, '11111111-1111-1111-1111-111111111103');
INSERT INTO public.course_offerings (id, course_id, semester_id, capacity, section) VALUES ('66666666-6666-6666-6666-666666654002', '44444444-4444-4444-4444-444444454002', '33333333-3333-3333-3333-333333333304', 60, 'A');
INSERT INTO public.courses (id, code, title, credits, department_id) VALUES ('44444444-4444-4444-4444-444444454003', '0714-1403', 'Electrical Machines I', 3, '11111111-1111-1111-1111-111111111103');
INSERT INTO public.course_offerings (id, course_id, semester_id, capacity, section) VALUES ('66666666-6666-6666-6666-666666654003', '44444444-4444-4444-4444-444444454003', '33333333-3333-3333-3333-333333333304', 60, 'A');
INSERT INTO public.courses (id, code, title, credits, department_id) VALUES ('44444444-4444-4444-4444-444444454004', '0714-1404', 'Communication Engineering', 3, '11111111-1111-1111-1111-111111111103');
INSERT INTO public.course_offerings (id, course_id, semester_id, capacity, section) VALUES ('66666666-6666-6666-6666-666666654004', '44444444-4444-4444-4444-444444454004', '33333333-3333-3333-3333-333333333304', 60, 'A');
-- Recreate CSE sem-1 offerings (offerings were wiped)
INSERT INTO public.course_offerings (id, course_id, semester_id, capacity, section) VALUES ('66666666-6666-6666-6666-666666660001', '44444444-4444-4444-4444-444444440001', '33333333-3333-3333-3333-333333333301', 60, 'A');
INSERT INTO public.course_offerings (id, course_id, semester_id, capacity, section) VALUES ('66666666-6666-6666-6666-666666660002', '44444444-4444-4444-4444-444444440002', '33333333-3333-3333-3333-333333333301', 60, 'A');
INSERT INTO public.course_offerings (id, course_id, semester_id, capacity, section) VALUES ('66666666-6666-6666-6666-666666660003', '44444444-4444-4444-4444-444444440003', '33333333-3333-3333-3333-333333333301', 60, 'A');
INSERT INTO public.course_offerings (id, course_id, semester_id, capacity, section) VALUES ('66666666-6666-6666-6666-666666660004', '44444444-4444-4444-4444-444444440004', '33333333-3333-3333-3333-333333333301', 60, 'A');
INSERT INTO public.course_offerings (id, course_id, semester_id, capacity, section) VALUES ('66666666-6666-6666-6666-666666660005', '44444444-4444-4444-4444-444444440005', '33333333-3333-3333-3333-333333333301', 60, 'A');
INSERT INTO public.course_offerings (id, course_id, semester_id, capacity, section) VALUES ('66666666-6666-6666-6666-666666660006', '44444444-4444-4444-4444-444444440006', '33333333-3333-3333-3333-333333333301', 60, 'A');
INSERT INTO public.course_offerings (id, course_id, semester_id, capacity, section) VALUES ('66666666-6666-6666-6666-666666660007', '44444444-4444-4444-4444-444444440007', '33333333-3333-3333-3333-333333333301', 60, 'A');
INSERT INTO public.course_offerings (id, course_id, semester_id, capacity, section) VALUES ('66666666-6666-6666-6666-666666660008', '44444444-4444-4444-4444-444444440008', '33333333-3333-3333-3333-333333333301', 60, 'A');
INSERT INTO public.course_offerings (id, course_id, semester_id, capacity, section) VALUES ('66666666-6666-6666-6666-666666660009', '44444444-4444-4444-4444-444444440009', '33333333-3333-3333-3333-333333333301', 60, 'A');
INSERT INTO public.course_offerings (id, course_id, semester_id, capacity, section) VALUES ('66666666-6666-6666-6666-666666660010', '44444444-4444-4444-4444-444444440010', '33333333-3333-3333-3333-333333333301', 60, 'A');
-- Retake offering: re-offer 0613-1103 Structured Programming in sem 2 for retake students
INSERT INTO public.course_offerings (id, course_id, semester_id, capacity, section) VALUES ('66666666-6666-6666-6666-6666666600f1', '44444444-4444-4444-4444-444444440009', '33333333-3333-3333-3333-333333333302', 30, 'A-RETAKE');
-- Auth users, profiles, roles
INSERT INTO auth.users (id, instance_id, aud, role, email, encrypted_password, email_confirmed_at, raw_app_meta_data, raw_user_meta_data, created_at, updated_at, confirmation_token, email_change, email_change_token_new, recovery_token) VALUES ('55555555-5555-5555-5555-555555555501', '00000000-0000-0000-0000-000000000000', 'authenticated', 'authenticated', '12521076@student.ugv.edu.bd', crypt('DemoPass123!', gen_salt('bf')), now(), '{"provider":"email","providers":["email"]}'::jsonb, jsonb_build_object('full_name','Md. Rashedul Islam Reshan'), now(), now(), '', '', '', '');
INSERT INTO public.profiles (id, full_name) VALUES ('55555555-5555-5555-5555-555555555501', 'Md. Rashedul Islam Reshan');
INSERT INTO public.user_roles (user_id, role) VALUES ('55555555-5555-5555-5555-555555555501', 'student');
INSERT INTO auth.users (id, instance_id, aud, role, email, encrypted_password, email_confirmed_at, raw_app_meta_data, raw_user_meta_data, created_at, updated_at, confirmation_token, email_change, email_change_token_new, recovery_token) VALUES ('55555555-5555-5555-5555-555555555502', '00000000-0000-0000-0000-000000000000', 'authenticated', 'authenticated', '12521077@student.ugv.edu.bd', crypt('DemoPass123!', gen_salt('bf')), now(), '{"provider":"email","providers":["email"]}'::jsonb, jsonb_build_object('full_name','Tanvir Rahman'), now(), now(), '', '', '', '');
INSERT INTO public.profiles (id, full_name) VALUES ('55555555-5555-5555-5555-555555555502', 'Tanvir Rahman');
INSERT INTO public.user_roles (user_id, role) VALUES ('55555555-5555-5555-5555-555555555502', 'student');
INSERT INTO auth.users (id, instance_id, aud, role, email, encrypted_password, email_confirmed_at, raw_app_meta_data, raw_user_meta_data, created_at, updated_at, confirmation_token, email_change, email_change_token_new, recovery_token) VALUES ('55555555-5555-5555-5555-555555555503', '00000000-0000-0000-0000-000000000000', 'authenticated', 'authenticated', '12521078@student.ugv.edu.bd', crypt('DemoPass123!', gen_salt('bf')), now(), '{"provider":"email","providers":["email"]}'::jsonb, jsonb_build_object('full_name','Sadia Akter'), now(), now(), '', '', '', '');
INSERT INTO public.profiles (id, full_name) VALUES ('55555555-5555-5555-5555-555555555503', 'Sadia Akter');
INSERT INTO public.user_roles (user_id, role) VALUES ('55555555-5555-5555-5555-555555555503', 'student');
INSERT INTO auth.users (id, instance_id, aud, role, email, encrypted_password, email_confirmed_at, raw_app_meta_data, raw_user_meta_data, created_at, updated_at, confirmation_token, email_change, email_change_token_new, recovery_token) VALUES ('55555555-5555-5555-5555-555555555504', '00000000-0000-0000-0000-000000000000', 'authenticated', 'authenticated', '12521079@student.ugv.edu.bd', crypt('DemoPass123!', gen_salt('bf')), now(), '{"provider":"email","providers":["email"]}'::jsonb, jsonb_build_object('full_name','Nusrat Jahan'), now(), now(), '', '', '', '');
INSERT INTO public.profiles (id, full_name) VALUES ('55555555-5555-5555-5555-555555555504', 'Nusrat Jahan');
INSERT INTO public.user_roles (user_id, role) VALUES ('55555555-5555-5555-5555-555555555504', 'student');
INSERT INTO auth.users (id, instance_id, aud, role, email, encrypted_password, email_confirmed_at, raw_app_meta_data, raw_user_meta_data, created_at, updated_at, confirmation_token, email_change, email_change_token_new, recovery_token) VALUES ('55555555-5555-5555-5555-555555555505', '00000000-0000-0000-0000-000000000000', 'authenticated', 'authenticated', '12521080@student.ugv.edu.bd', crypt('DemoPass123!', gen_salt('bf')), now(), '{"provider":"email","providers":["email"]}'::jsonb, jsonb_build_object('full_name','Fahim Hasan'), now(), now(), '', '', '', '');
INSERT INTO public.profiles (id, full_name) VALUES ('55555555-5555-5555-5555-555555555505', 'Fahim Hasan');
INSERT INTO public.user_roles (user_id, role) VALUES ('55555555-5555-5555-5555-555555555505', 'student');
INSERT INTO auth.users (id, instance_id, aud, role, email, encrypted_password, email_confirmed_at, raw_app_meta_data, raw_user_meta_data, created_at, updated_at, confirmation_token, email_change, email_change_token_new, recovery_token) VALUES ('55555555-5555-5555-5555-555555555506', '00000000-0000-0000-0000-000000000000', 'authenticated', 'authenticated', '12521081@student.ugv.edu.bd', crypt('DemoPass123!', gen_salt('bf')), now(), '{"provider":"email","providers":["email"]}'::jsonb, jsonb_build_object('full_name','Rifat Islam'), now(), now(), '', '', '', '');
INSERT INTO public.profiles (id, full_name) VALUES ('55555555-5555-5555-5555-555555555506', 'Rifat Islam');
INSERT INTO public.user_roles (user_id, role) VALUES ('55555555-5555-5555-5555-555555555506', 'student');
INSERT INTO auth.users (id, instance_id, aud, role, email, encrypted_password, email_confirmed_at, raw_app_meta_data, raw_user_meta_data, created_at, updated_at, confirmation_token, email_change, email_change_token_new, recovery_token) VALUES ('55555555-5555-5555-5555-555555555507', '00000000-0000-0000-0000-000000000000', 'authenticated', 'authenticated', '12521082@student.ugv.edu.bd', crypt('DemoPass123!', gen_salt('bf')), now(), '{"provider":"email","providers":["email"]}'::jsonb, jsonb_build_object('full_name','Mahin Ahmed'), now(), now(), '', '', '', '');
INSERT INTO public.profiles (id, full_name) VALUES ('55555555-5555-5555-5555-555555555507', 'Mahin Ahmed');
INSERT INTO public.user_roles (user_id, role) VALUES ('55555555-5555-5555-5555-555555555507', 'student');
INSERT INTO auth.users (id, instance_id, aud, role, email, encrypted_password, email_confirmed_at, raw_app_meta_data, raw_user_meta_data, created_at, updated_at, confirmation_token, email_change, email_change_token_new, recovery_token) VALUES ('55555555-5555-5555-5555-555555555508', '00000000-0000-0000-0000-000000000000', 'authenticated', 'authenticated', '12521083@student.ugv.edu.bd', crypt('DemoPass123!', gen_salt('bf')), now(), '{"provider":"email","providers":["email"]}'::jsonb, jsonb_build_object('full_name','Ayesha Siddiqua'), now(), now(), '', '', '', '');
INSERT INTO public.profiles (id, full_name) VALUES ('55555555-5555-5555-5555-555555555508', 'Ayesha Siddiqua');
INSERT INTO public.user_roles (user_id, role) VALUES ('55555555-5555-5555-5555-555555555508', 'student');
INSERT INTO auth.users (id, instance_id, aud, role, email, encrypted_password, email_confirmed_at, raw_app_meta_data, raw_user_meta_data, created_at, updated_at, confirmation_token, email_change, email_change_token_new, recovery_token) VALUES ('55555555-5555-5555-5555-555555555509', '00000000-0000-0000-0000-000000000000', 'authenticated', 'authenticated', '22521001@student.ugv.edu.bd', crypt('DemoPass123!', gen_salt('bf')), now(), '{"provider":"email","providers":["email"]}'::jsonb, jsonb_build_object('full_name','Rakib Hossain'), now(), now(), '', '', '', '');
INSERT INTO public.profiles (id, full_name) VALUES ('55555555-5555-5555-5555-555555555509', 'Rakib Hossain');
INSERT INTO public.user_roles (user_id, role) VALUES ('55555555-5555-5555-5555-555555555509', 'student');
INSERT INTO auth.users (id, instance_id, aud, role, email, encrypted_password, email_confirmed_at, raw_app_meta_data, raw_user_meta_data, created_at, updated_at, confirmation_token, email_change, email_change_token_new, recovery_token) VALUES ('55555555-5555-5555-5555-555555555510', '00000000-0000-0000-0000-000000000000', 'authenticated', 'authenticated', '22521002@student.ugv.edu.bd', crypt('DemoPass123!', gen_salt('bf')), now(), '{"provider":"email","providers":["email"]}'::jsonb, jsonb_build_object('full_name','Sabbir Alam'), now(), now(), '', '', '', '');
INSERT INTO public.profiles (id, full_name) VALUES ('55555555-5555-5555-5555-555555555510', 'Sabbir Alam');
INSERT INTO public.user_roles (user_id, role) VALUES ('55555555-5555-5555-5555-555555555510', 'student');
INSERT INTO auth.users (id, instance_id, aud, role, email, encrypted_password, email_confirmed_at, raw_app_meta_data, raw_user_meta_data, created_at, updated_at, confirmation_token, email_change, email_change_token_new, recovery_token) VALUES ('55555555-5555-5555-5555-555555555511', '00000000-0000-0000-0000-000000000000', 'authenticated', 'authenticated', '22521003@student.ugv.edu.bd', crypt('DemoPass123!', gen_salt('bf')), now(), '{"provider":"email","providers":["email"]}'::jsonb, jsonb_build_object('full_name','Farhana Sultana'), now(), now(), '', '', '', '');
INSERT INTO public.profiles (id, full_name) VALUES ('55555555-5555-5555-5555-555555555511', 'Farhana Sultana');
INSERT INTO public.user_roles (user_id, role) VALUES ('55555555-5555-5555-5555-555555555511', 'student');
INSERT INTO auth.users (id, instance_id, aud, role, email, encrypted_password, email_confirmed_at, raw_app_meta_data, raw_user_meta_data, created_at, updated_at, confirmation_token, email_change, email_change_token_new, recovery_token) VALUES ('55555555-5555-5555-5555-555555555512', '00000000-0000-0000-0000-000000000000', 'authenticated', 'authenticated', '22521004@student.ugv.edu.bd', crypt('DemoPass123!', gen_salt('bf')), now(), '{"provider":"email","providers":["email"]}'::jsonb, jsonb_build_object('full_name','Imran Khan'), now(), now(), '', '', '', '');
INSERT INTO public.profiles (id, full_name) VALUES ('55555555-5555-5555-5555-555555555512', 'Imran Khan');
INSERT INTO public.user_roles (user_id, role) VALUES ('55555555-5555-5555-5555-555555555512', 'student');
INSERT INTO auth.users (id, instance_id, aud, role, email, encrypted_password, email_confirmed_at, raw_app_meta_data, raw_user_meta_data, created_at, updated_at, confirmation_token, email_change, email_change_token_new, recovery_token) VALUES ('55555555-5555-5555-5555-555555555513', '00000000-0000-0000-0000-000000000000', 'authenticated', 'authenticated', '22521005@student.ugv.edu.bd', crypt('DemoPass123!', gen_salt('bf')), now(), '{"provider":"email","providers":["email"]}'::jsonb, jsonb_build_object('full_name','Sumaiya Hoque'), now(), now(), '', '', '', '');
INSERT INTO public.profiles (id, full_name) VALUES ('55555555-5555-5555-5555-555555555513', 'Sumaiya Hoque');
INSERT INTO public.user_roles (user_id, role) VALUES ('55555555-5555-5555-5555-555555555513', 'student');
INSERT INTO auth.users (id, instance_id, aud, role, email, encrypted_password, email_confirmed_at, raw_app_meta_data, raw_user_meta_data, created_at, updated_at, confirmation_token, email_change, email_change_token_new, recovery_token) VALUES ('55555555-5555-5555-5555-555555555514', '00000000-0000-0000-0000-000000000000', 'authenticated', 'authenticated', '22521006@student.ugv.edu.bd', crypt('DemoPass123!', gen_salt('bf')), now(), '{"provider":"email","providers":["email"]}'::jsonb, jsonb_build_object('full_name','Jubair Chowdhury'), now(), now(), '', '', '', '');
INSERT INTO public.profiles (id, full_name) VALUES ('55555555-5555-5555-5555-555555555514', 'Jubair Chowdhury');
INSERT INTO public.user_roles (user_id, role) VALUES ('55555555-5555-5555-5555-555555555514', 'student');
INSERT INTO auth.users (id, instance_id, aud, role, email, encrypted_password, email_confirmed_at, raw_app_meta_data, raw_user_meta_data, created_at, updated_at, confirmation_token, email_change, email_change_token_new, recovery_token) VALUES ('55555555-5555-5555-5555-555555555515', '00000000-0000-0000-0000-000000000000', 'authenticated', 'authenticated', '22521007@student.ugv.edu.bd', crypt('DemoPass123!', gen_salt('bf')), now(), '{"provider":"email","providers":["email"]}'::jsonb, jsonb_build_object('full_name','Tanjila Nasrin'), now(), now(), '', '', '', '');
INSERT INTO public.profiles (id, full_name) VALUES ('55555555-5555-5555-5555-555555555515', 'Tanjila Nasrin');
INSERT INTO public.user_roles (user_id, role) VALUES ('55555555-5555-5555-5555-555555555515', 'student');
INSERT INTO auth.users (id, instance_id, aud, role, email, encrypted_password, email_confirmed_at, raw_app_meta_data, raw_user_meta_data, created_at, updated_at, confirmation_token, email_change, email_change_token_new, recovery_token) VALUES ('66666666-6666-6666-6666-6666666600aa', '00000000-0000-0000-0000-000000000000', 'authenticated', 'authenticated', 'head.cse@ugv.edu.bd', crypt('DemoPass123!', gen_salt('bf')), now(), '{"provider":"email","providers":["email"]}'::jsonb, jsonb_build_object('full_name','Dr. Anwar Hossain'), now(), now(), '', '', '', '');
INSERT INTO public.profiles (id, full_name) VALUES ('66666666-6666-6666-6666-6666666600aa', 'Dr. Anwar Hossain');
INSERT INTO public.user_roles (user_id, role) VALUES ('66666666-6666-6666-6666-6666666600aa', 'department_head');
INSERT INTO auth.users (id, instance_id, aud, role, email, encrypted_password, email_confirmed_at, raw_app_meta_data, raw_user_meta_data, created_at, updated_at, confirmation_token, email_change, email_change_token_new, recovery_token) VALUES ('77777777-7777-7777-7777-7777777700aa', '00000000-0000-0000-0000-000000000000', 'authenticated', 'authenticated', 'admin@ugv.edu.bd', crypt('DemoPass123!', gen_salt('bf')), now(), '{"provider":"email","providers":["email"]}'::jsonb, jsonb_build_object('full_name','System Administrator'), now(), now(), '', '', '', '');
INSERT INTO public.profiles (id, full_name) VALUES ('77777777-7777-7777-7777-7777777700aa', 'System Administrator');
INSERT INTO public.user_roles (user_id, role) VALUES ('77777777-7777-7777-7777-7777777700aa', 'admin');
UPDATE public.departments SET head_user_id = '66666666-6666-6666-6666-6666666600aa' WHERE id = '11111111-1111-1111-1111-111111111101';
-- Students
INSERT INTO public.students (user_id, student_id, full_name, department_id, program_id, admission_semester_id, current_semester_id, status) VALUES ('55555555-5555-5555-5555-555555555501', '12521076', 'Md. Rashedul Islam Reshan', '11111111-1111-1111-1111-111111111101', '22222222-2222-2222-2222-222222222201', '33333333-3333-3333-3333-333333333301', '33333333-3333-3333-3333-333333333301', 'ACTIVE');
INSERT INTO public.students (user_id, student_id, full_name, department_id, program_id, admission_semester_id, current_semester_id, status) VALUES ('55555555-5555-5555-5555-555555555502', '12521077', 'Tanvir Rahman', '11111111-1111-1111-1111-111111111101', '22222222-2222-2222-2222-222222222201', '33333333-3333-3333-3333-333333333301', '33333333-3333-3333-3333-333333333301', 'ACTIVE');
INSERT INTO public.students (user_id, student_id, full_name, department_id, program_id, admission_semester_id, current_semester_id, status) VALUES ('55555555-5555-5555-5555-555555555503', '12521078', 'Sadia Akter', '11111111-1111-1111-1111-111111111101', '22222222-2222-2222-2222-222222222201', '33333333-3333-3333-3333-333333333301', '33333333-3333-3333-3333-333333333301', 'ACTIVE');
INSERT INTO public.students (user_id, student_id, full_name, department_id, program_id, admission_semester_id, current_semester_id, status) VALUES ('55555555-5555-5555-5555-555555555504', '12521079', 'Nusrat Jahan', '11111111-1111-1111-1111-111111111101', '22222222-2222-2222-2222-222222222201', '33333333-3333-3333-3333-333333333301', '33333333-3333-3333-3333-333333333302', 'ACTIVE');
INSERT INTO public.students (user_id, student_id, full_name, department_id, program_id, admission_semester_id, current_semester_id, status) VALUES ('55555555-5555-5555-5555-555555555505', '12521080', 'Fahim Hasan', '11111111-1111-1111-1111-111111111101', '22222222-2222-2222-2222-222222222201', '33333333-3333-3333-3333-333333333301', '33333333-3333-3333-3333-333333333302', 'ACTIVE');
INSERT INTO public.students (user_id, student_id, full_name, department_id, program_id, admission_semester_id, current_semester_id, status) VALUES ('55555555-5555-5555-5555-555555555506', '12521081', 'Rifat Islam', '11111111-1111-1111-1111-111111111101', '22222222-2222-2222-2222-222222222201', '33333333-3333-3333-3333-333333333301', '33333333-3333-3333-3333-333333333303', 'ACTIVE');
INSERT INTO public.students (user_id, student_id, full_name, department_id, program_id, admission_semester_id, current_semester_id, status) VALUES ('55555555-5555-5555-5555-555555555507', '12521082', 'Mahin Ahmed', '11111111-1111-1111-1111-111111111101', '22222222-2222-2222-2222-222222222201', '33333333-3333-3333-3333-333333333301', '33333333-3333-3333-3333-333333333303', 'ACTIVE');
INSERT INTO public.students (user_id, student_id, full_name, department_id, program_id, admission_semester_id, current_semester_id, status) VALUES ('55555555-5555-5555-5555-555555555508', '12521083', 'Ayesha Siddiqua', '11111111-1111-1111-1111-111111111101', '22222222-2222-2222-2222-222222222201', '33333333-3333-3333-3333-333333333301', '33333333-3333-3333-3333-333333333304', 'ACTIVE');
INSERT INTO public.students (user_id, student_id, full_name, department_id, program_id, admission_semester_id, current_semester_id, status) VALUES ('55555555-5555-5555-5555-555555555509', '22521001', 'Rakib Hossain', '11111111-1111-1111-1111-111111111103', '22222222-2222-2222-2222-222222222204', '33333333-3333-3333-3333-333333333301', '33333333-3333-3333-3333-333333333301', 'ACTIVE');
INSERT INTO public.students (user_id, student_id, full_name, department_id, program_id, admission_semester_id, current_semester_id, status) VALUES ('55555555-5555-5555-5555-555555555510', '22521002', 'Sabbir Alam', '11111111-1111-1111-1111-111111111103', '22222222-2222-2222-2222-222222222204', '33333333-3333-3333-3333-333333333301', '33333333-3333-3333-3333-333333333301', 'ACTIVE');
INSERT INTO public.students (user_id, student_id, full_name, department_id, program_id, admission_semester_id, current_semester_id, status) VALUES ('55555555-5555-5555-5555-555555555511', '22521003', 'Farhana Sultana', '11111111-1111-1111-1111-111111111103', '22222222-2222-2222-2222-222222222204', '33333333-3333-3333-3333-333333333301', '33333333-3333-3333-3333-333333333302', 'ACTIVE');
INSERT INTO public.students (user_id, student_id, full_name, department_id, program_id, admission_semester_id, current_semester_id, status) VALUES ('55555555-5555-5555-5555-555555555512', '22521004', 'Imran Khan', '11111111-1111-1111-1111-111111111103', '22222222-2222-2222-2222-222222222204', '33333333-3333-3333-3333-333333333301', '33333333-3333-3333-3333-333333333302', 'ACTIVE');
INSERT INTO public.students (user_id, student_id, full_name, department_id, program_id, admission_semester_id, current_semester_id, status) VALUES ('55555555-5555-5555-5555-555555555513', '22521005', 'Sumaiya Hoque', '11111111-1111-1111-1111-111111111103', '22222222-2222-2222-2222-222222222204', '33333333-3333-3333-3333-333333333301', '33333333-3333-3333-3333-333333333303', 'ACTIVE');
INSERT INTO public.students (user_id, student_id, full_name, department_id, program_id, admission_semester_id, current_semester_id, status) VALUES ('55555555-5555-5555-5555-555555555514', '22521006', 'Jubair Chowdhury', '11111111-1111-1111-1111-111111111103', '22222222-2222-2222-2222-222222222204', '33333333-3333-3333-3333-333333333301', '33333333-3333-3333-3333-333333333304', 'ACTIVE');
INSERT INTO public.students (user_id, student_id, full_name, department_id, program_id, admission_semester_id, current_semester_id, status) VALUES ('55555555-5555-5555-5555-555555555515', '22521007', 'Tanjila Nasrin', '11111111-1111-1111-1111-111111111103', '22222222-2222-2222-2222-222222222204', '33333333-3333-3333-3333-333333333301', '33333333-3333-3333-3333-333333333304', 'ACTIVE');
-- Ensure 'I' (Incomplete) letter exists in grade scale
INSERT INTO public.grade_scale (letter, grade_point, is_fail, sort_order) VALUES ('I', NULL, false, 90) ON CONFLICT (letter) DO NOTHING;
-- Enrollments and grades
WITH e AS (INSERT INTO public.enrollments (student_user_id, course_offering_id, status) VALUES ('55555555-5555-5555-5555-555555555501', '66666666-6666-6666-6666-666666660001', 'ENROLLED') RETURNING id) INSERT INTO public.grades (enrollment_id, letter_grade, is_fail, is_incomplete, published_at) SELECT id, 'C', false, false, now() FROM e;
WITH e AS (INSERT INTO public.enrollments (student_user_id, course_offering_id, status) VALUES ('55555555-5555-5555-5555-555555555501', '66666666-6666-6666-6666-666666660002', 'ENROLLED') RETURNING id) INSERT INTO public.grades (enrollment_id, letter_grade, is_fail, is_incomplete, published_at) SELECT id, 'B', false, false, now() FROM e;
WITH e AS (INSERT INTO public.enrollments (student_user_id, course_offering_id, status) VALUES ('55555555-5555-5555-5555-555555555501', '66666666-6666-6666-6666-666666660003', 'ENROLLED') RETURNING id) INSERT INTO public.grades (enrollment_id, letter_grade, is_fail, is_incomplete, published_at) SELECT id, 'A-', false, false, now() FROM e;
WITH e AS (INSERT INTO public.enrollments (student_user_id, course_offering_id, status) VALUES ('55555555-5555-5555-5555-555555555501', '66666666-6666-6666-6666-666666660004', 'ENROLLED') RETURNING id) INSERT INTO public.grades (enrollment_id, letter_grade, is_fail, is_incomplete, published_at) SELECT id, 'B-', false, false, now() FROM e;
WITH e AS (INSERT INTO public.enrollments (student_user_id, course_offering_id, status) VALUES ('55555555-5555-5555-5555-555555555501', '66666666-6666-6666-6666-666666660005', 'ENROLLED') RETURNING id) INSERT INTO public.grades (enrollment_id, letter_grade, is_fail, is_incomplete, published_at) SELECT id, 'A', false, false, now() FROM e;
WITH e AS (INSERT INTO public.enrollments (student_user_id, course_offering_id, status) VALUES ('55555555-5555-5555-5555-555555555501', '66666666-6666-6666-6666-666666660006', 'ENROLLED') RETURNING id) INSERT INTO public.grades (enrollment_id, letter_grade, is_fail, is_incomplete, published_at) SELECT id, 'B-', false, false, now() FROM e;
WITH e AS (INSERT INTO public.enrollments (student_user_id, course_offering_id, status) VALUES ('55555555-5555-5555-5555-555555555501', '66666666-6666-6666-6666-666666660007', 'ENROLLED') RETURNING id) INSERT INTO public.grades (enrollment_id, letter_grade, is_fail, is_incomplete, published_at) SELECT id, 'A-', false, false, now() FROM e;
WITH e AS (INSERT INTO public.enrollments (student_user_id, course_offering_id, status) VALUES ('55555555-5555-5555-5555-555555555501', '66666666-6666-6666-6666-666666660008', 'ENROLLED') RETURNING id) INSERT INTO public.grades (enrollment_id, letter_grade, is_fail, is_incomplete, published_at) SELECT id, 'D', false, false, now() FROM e;
WITH e AS (INSERT INTO public.enrollments (student_user_id, course_offering_id, status) VALUES ('55555555-5555-5555-5555-555555555501', '66666666-6666-6666-6666-666666660009', 'ENROLLED') RETURNING id) INSERT INTO public.grades (enrollment_id, letter_grade, is_fail, is_incomplete, published_at) SELECT id, 'F', true, false, now() FROM e;
WITH e AS (INSERT INTO public.enrollments (student_user_id, course_offering_id, status) VALUES ('55555555-5555-5555-5555-555555555501', '66666666-6666-6666-6666-666666660010', 'ENROLLED') RETURNING id) INSERT INTO public.grades (enrollment_id, letter_grade, is_fail, is_incomplete, published_at) SELECT id, 'B-', false, false, now() FROM e;
WITH e AS (INSERT INTO public.enrollments (student_user_id, course_offering_id, status) VALUES ('55555555-5555-5555-5555-555555555502', '66666666-6666-6666-6666-666666660001', 'ENROLLED') RETURNING id) INSERT INTO public.grades (enrollment_id, letter_grade, is_fail, is_incomplete, published_at) SELECT id, 'A-', false, false, now() FROM e;
WITH e AS (INSERT INTO public.enrollments (student_user_id, course_offering_id, status) VALUES ('55555555-5555-5555-5555-555555555502', '66666666-6666-6666-6666-666666660002', 'ENROLLED') RETURNING id) INSERT INTO public.grades (enrollment_id, letter_grade, is_fail, is_incomplete, published_at) SELECT id, 'B', false, false, now() FROM e;
WITH e AS (INSERT INTO public.enrollments (student_user_id, course_offering_id, status) VALUES ('55555555-5555-5555-5555-555555555502', '66666666-6666-6666-6666-666666660003', 'ENROLLED') RETURNING id) INSERT INTO public.grades (enrollment_id, letter_grade, is_fail, is_incomplete, published_at) SELECT id, 'B-', false, false, now() FROM e;
WITH e AS (INSERT INTO public.enrollments (student_user_id, course_offering_id, status) VALUES ('55555555-5555-5555-5555-555555555502', '66666666-6666-6666-6666-666666660004', 'ENROLLED') RETURNING id) INSERT INTO public.grades (enrollment_id, letter_grade, is_fail, is_incomplete, published_at) SELECT id, 'A', false, false, now() FROM e;
WITH e AS (INSERT INTO public.enrollments (student_user_id, course_offering_id, status) VALUES ('55555555-5555-5555-5555-555555555502', '66666666-6666-6666-6666-666666660005', 'ENROLLED') RETURNING id) INSERT INTO public.grades (enrollment_id, letter_grade, is_fail, is_incomplete, published_at) SELECT id, 'B', false, false, now() FROM e;
WITH e AS (INSERT INTO public.enrollments (student_user_id, course_offering_id, status) VALUES ('55555555-5555-5555-5555-555555555502', '66666666-6666-6666-6666-666666660006', 'ENROLLED') RETURNING id) INSERT INTO public.grades (enrollment_id, letter_grade, is_fail, is_incomplete, published_at) SELECT id, 'A-', false, false, now() FROM e;
WITH e AS (INSERT INTO public.enrollments (student_user_id, course_offering_id, status) VALUES ('55555555-5555-5555-5555-555555555502', '66666666-6666-6666-6666-666666660007', 'ENROLLED') RETURNING id) INSERT INTO public.grades (enrollment_id, letter_grade, is_fail, is_incomplete, published_at) SELECT id, 'B-', false, false, now() FROM e;
WITH e AS (INSERT INTO public.enrollments (student_user_id, course_offering_id, status) VALUES ('55555555-5555-5555-5555-555555555502', '66666666-6666-6666-6666-666666660008', 'ENROLLED') RETURNING id) INSERT INTO public.grades (enrollment_id, letter_grade, is_fail, is_incomplete, published_at) SELECT id, 'C', false, false, now() FROM e;
WITH e AS (INSERT INTO public.enrollments (student_user_id, course_offering_id, status) VALUES ('55555555-5555-5555-5555-555555555502', '66666666-6666-6666-6666-666666660009', 'ENROLLED') RETURNING id) INSERT INTO public.grades (enrollment_id, letter_grade, is_fail, is_incomplete, published_at) SELECT id, 'B', false, false, now() FROM e;
WITH e AS (INSERT INTO public.enrollments (student_user_id, course_offering_id, status) VALUES ('55555555-5555-5555-5555-555555555502', '66666666-6666-6666-6666-666666660010', 'ENROLLED') RETURNING id) INSERT INTO public.grades (enrollment_id, letter_grade, is_fail, is_incomplete, published_at) SELECT id, 'A-', false, false, now() FROM e;
WITH e AS (INSERT INTO public.enrollments (student_user_id, course_offering_id, status) VALUES ('55555555-5555-5555-5555-555555555503', '66666666-6666-6666-6666-666666660001', 'ENROLLED') RETURNING id) INSERT INTO public.grades (enrollment_id, letter_grade, is_fail, is_incomplete, published_at) SELECT id, 'A-', false, false, now() FROM e;
WITH e AS (INSERT INTO public.enrollments (student_user_id, course_offering_id, status) VALUES ('55555555-5555-5555-5555-555555555503', '66666666-6666-6666-6666-666666660002', 'ENROLLED') RETURNING id) INSERT INTO public.grades (enrollment_id, letter_grade, is_fail, is_incomplete, published_at) SELECT id, 'B', false, false, now() FROM e;
WITH e AS (INSERT INTO public.enrollments (student_user_id, course_offering_id, status) VALUES ('55555555-5555-5555-5555-555555555503', '66666666-6666-6666-6666-666666660003', 'ENROLLED') RETURNING id) INSERT INTO public.grades (enrollment_id, letter_grade, is_fail, is_incomplete, published_at) SELECT id, 'B-', false, false, now() FROM e;
WITH e AS (INSERT INTO public.enrollments (student_user_id, course_offering_id, status) VALUES ('55555555-5555-5555-5555-555555555503', '66666666-6666-6666-6666-666666660004', 'ENROLLED') RETURNING id) INSERT INTO public.grades (enrollment_id, letter_grade, is_fail, is_incomplete, published_at) SELECT id, 'A', false, false, now() FROM e;
WITH e AS (INSERT INTO public.enrollments (student_user_id, course_offering_id, status) VALUES ('55555555-5555-5555-5555-555555555503', '66666666-6666-6666-6666-666666660005', 'ENROLLED') RETURNING id) INSERT INTO public.grades (enrollment_id, letter_grade, is_fail, is_incomplete, published_at) SELECT id, 'B', false, false, now() FROM e;
WITH e AS (INSERT INTO public.enrollments (student_user_id, course_offering_id, status) VALUES ('55555555-5555-5555-5555-555555555503', '66666666-6666-6666-6666-666666660006', 'ENROLLED') RETURNING id) INSERT INTO public.grades (enrollment_id, letter_grade, is_fail, is_incomplete, published_at) SELECT id, 'A-', false, false, now() FROM e;
WITH e AS (INSERT INTO public.enrollments (student_user_id, course_offering_id, status) VALUES ('55555555-5555-5555-5555-555555555503', '66666666-6666-6666-6666-666666660007', 'ENROLLED') RETURNING id) INSERT INTO public.grades (enrollment_id, letter_grade, is_fail, is_incomplete, published_at) SELECT id, 'B-', false, false, now() FROM e;
WITH e AS (INSERT INTO public.enrollments (student_user_id, course_offering_id, status) VALUES ('55555555-5555-5555-5555-555555555503', '66666666-6666-6666-6666-666666660008', 'ENROLLED') RETURNING id) INSERT INTO public.grades (enrollment_id, letter_grade, is_fail, is_incomplete, published_at) SELECT id, 'C', false, false, now() FROM e;
WITH e AS (INSERT INTO public.enrollments (student_user_id, course_offering_id, status) VALUES ('55555555-5555-5555-5555-555555555503', '66666666-6666-6666-6666-666666660009', 'ENROLLED') RETURNING id) INSERT INTO public.grades (enrollment_id, letter_grade, is_fail, is_incomplete, published_at) SELECT id, 'B', false, false, now() FROM e;
WITH e AS (INSERT INTO public.enrollments (student_user_id, course_offering_id, status) VALUES ('55555555-5555-5555-5555-555555555503', '66666666-6666-6666-6666-666666660010', 'ENROLLED') RETURNING id) INSERT INTO public.grades (enrollment_id, letter_grade, is_fail, is_incomplete, published_at) SELECT id, 'A-', false, false, now() FROM e;
WITH e AS (INSERT INTO public.enrollments (student_user_id, course_offering_id, status) VALUES ('55555555-5555-5555-5555-555555555504', '66666666-6666-6666-6666-666666642001', 'ENROLLED') RETURNING id) INSERT INTO public.grades (enrollment_id, letter_grade, is_fail, is_incomplete, published_at) SELECT id, 'A', false, false, now() FROM e;
WITH e AS (INSERT INTO public.enrollments (student_user_id, course_offering_id, status) VALUES ('55555555-5555-5555-5555-555555555504', '66666666-6666-6666-6666-666666642002', 'ENROLLED') RETURNING id) INSERT INTO public.grades (enrollment_id, letter_grade, is_fail, is_incomplete, published_at) SELECT id, 'A-', false, false, now() FROM e;
WITH e AS (INSERT INTO public.enrollments (student_user_id, course_offering_id, status) VALUES ('55555555-5555-5555-5555-555555555504', '66666666-6666-6666-6666-666666642003', 'ENROLLED') RETURNING id) INSERT INTO public.grades (enrollment_id, letter_grade, is_fail, is_incomplete, published_at) SELECT id, 'B', false, false, now() FROM e;
WITH e AS (INSERT INTO public.enrollments (student_user_id, course_offering_id, status) VALUES ('55555555-5555-5555-5555-555555555504', '66666666-6666-6666-6666-666666642004', 'ENROLLED') RETURNING id) INSERT INTO public.grades (enrollment_id, letter_grade, is_fail, is_incomplete, published_at) SELECT id, 'B-', false, false, now() FROM e;
WITH e AS (INSERT INTO public.enrollments (student_user_id, course_offering_id, status) VALUES ('55555555-5555-5555-5555-555555555505', '66666666-6666-6666-6666-666666660001', 'ENROLLED') RETURNING id) INSERT INTO public.grades (enrollment_id, letter_grade, is_fail, is_incomplete, published_at) SELECT id, 'A-', false, false, now() FROM e;
WITH e AS (INSERT INTO public.enrollments (student_user_id, course_offering_id, status) VALUES ('55555555-5555-5555-5555-555555555505', '66666666-6666-6666-6666-666666660002', 'ENROLLED') RETURNING id) INSERT INTO public.grades (enrollment_id, letter_grade, is_fail, is_incomplete, published_at) SELECT id, 'B', false, false, now() FROM e;
WITH e AS (INSERT INTO public.enrollments (student_user_id, course_offering_id, status) VALUES ('55555555-5555-5555-5555-555555555505', '66666666-6666-6666-6666-666666660003', 'ENROLLED') RETURNING id) INSERT INTO public.grades (enrollment_id, letter_grade, is_fail, is_incomplete, published_at) SELECT id, 'B-', false, false, now() FROM e;
WITH e AS (INSERT INTO public.enrollments (student_user_id, course_offering_id, status) VALUES ('55555555-5555-5555-5555-555555555505', '66666666-6666-6666-6666-666666660004', 'ENROLLED') RETURNING id) INSERT INTO public.grades (enrollment_id, letter_grade, is_fail, is_incomplete, published_at) SELECT id, 'A', false, false, now() FROM e;
WITH e AS (INSERT INTO public.enrollments (student_user_id, course_offering_id, status) VALUES ('55555555-5555-5555-5555-555555555505', '66666666-6666-6666-6666-666666660005', 'ENROLLED') RETURNING id) INSERT INTO public.grades (enrollment_id, letter_grade, is_fail, is_incomplete, published_at) SELECT id, 'B', false, false, now() FROM e;
WITH e AS (INSERT INTO public.enrollments (student_user_id, course_offering_id, status) VALUES ('55555555-5555-5555-5555-555555555505', '66666666-6666-6666-6666-666666660006', 'ENROLLED') RETURNING id) INSERT INTO public.grades (enrollment_id, letter_grade, is_fail, is_incomplete, published_at) SELECT id, 'A-', false, false, now() FROM e;
WITH e AS (INSERT INTO public.enrollments (student_user_id, course_offering_id, status) VALUES ('55555555-5555-5555-5555-555555555505', '66666666-6666-6666-6666-666666660007', 'ENROLLED') RETURNING id) INSERT INTO public.grades (enrollment_id, letter_grade, is_fail, is_incomplete, published_at) SELECT id, 'B-', false, false, now() FROM e;
WITH e AS (INSERT INTO public.enrollments (student_user_id, course_offering_id, status) VALUES ('55555555-5555-5555-5555-555555555505', '66666666-6666-6666-6666-666666660008', 'ENROLLED') RETURNING id) INSERT INTO public.grades (enrollment_id, letter_grade, is_fail, is_incomplete, published_at) SELECT id, 'C', false, false, now() FROM e;
WITH e AS (INSERT INTO public.enrollments (student_user_id, course_offering_id, status) VALUES ('55555555-5555-5555-5555-555555555505', '66666666-6666-6666-6666-666666660009', 'RETAKE') RETURNING id) INSERT INTO public.grades (enrollment_id, letter_grade, is_fail, is_incomplete, published_at) SELECT id, 'F', true, false, now() FROM e;
WITH e AS (INSERT INTO public.enrollments (student_user_id, course_offering_id, status) VALUES ('55555555-5555-5555-5555-555555555505', '66666666-6666-6666-6666-666666660010', 'ENROLLED') RETURNING id) INSERT INTO public.grades (enrollment_id, letter_grade, is_fail, is_incomplete, published_at) SELECT id, 'A-', false, false, now() FROM e;
WITH e AS (INSERT INTO public.enrollments (student_user_id, course_offering_id, status) VALUES ('55555555-5555-5555-5555-555555555505', '66666666-6666-6666-6666-666666642001', 'ENROLLED') RETURNING id) INSERT INTO public.grades (enrollment_id, letter_grade, is_fail, is_incomplete, published_at) SELECT id, 'B', false, false, now() FROM e;
WITH e AS (INSERT INTO public.enrollments (student_user_id, course_offering_id, status) VALUES ('55555555-5555-5555-5555-555555555505', '66666666-6666-6666-6666-666666642002', 'ENROLLED') RETURNING id) INSERT INTO public.grades (enrollment_id, letter_grade, is_fail, is_incomplete, published_at) SELECT id, 'A-', false, false, now() FROM e;
WITH e AS (INSERT INTO public.enrollments (student_user_id, course_offering_id, status) VALUES ('55555555-5555-5555-5555-555555555505', '66666666-6666-6666-6666-666666642003', 'ENROLLED') RETURNING id) INSERT INTO public.grades (enrollment_id, letter_grade, is_fail, is_incomplete, published_at) SELECT id, 'B', false, false, now() FROM e;
WITH e AS (INSERT INTO public.enrollments (student_user_id, course_offering_id, status) VALUES ('55555555-5555-5555-5555-555555555505', '66666666-6666-6666-6666-666666642004', 'ENROLLED') RETURNING id) INSERT INTO public.grades (enrollment_id, letter_grade, is_fail, is_incomplete, published_at) SELECT id, 'B-', false, false, now() FROM e;
WITH e AS (INSERT INTO public.enrollments (student_user_id, course_offering_id, status) VALUES ('55555555-5555-5555-5555-555555555505', '66666666-6666-6666-6666-6666666600f1', 'ENROLLED') RETURNING id) INSERT INTO public.grades (enrollment_id, letter_grade, is_fail, is_incomplete, published_at) SELECT id, 'B', false, false, now() FROM e;
WITH e AS (INSERT INTO public.enrollments (student_user_id, course_offering_id, status) VALUES ('55555555-5555-5555-5555-555555555506', '66666666-6666-6666-6666-666666643001', 'ENROLLED') RETURNING id) INSERT INTO public.grades (enrollment_id, letter_grade, is_fail, is_incomplete, published_at) SELECT id, 'A-', false, false, now() FROM e;
WITH e AS (INSERT INTO public.enrollments (student_user_id, course_offering_id, status) VALUES ('55555555-5555-5555-5555-555555555506', '66666666-6666-6666-6666-666666643002', 'ENROLLED') RETURNING id) INSERT INTO public.grades (enrollment_id, letter_grade, is_fail, is_incomplete, published_at) SELECT id, 'B', false, false, now() FROM e;
WITH e AS (INSERT INTO public.enrollments (student_user_id, course_offering_id, status) VALUES ('55555555-5555-5555-5555-555555555506', '66666666-6666-6666-6666-666666643003', 'ENROLLED') RETURNING id) INSERT INTO public.grades (enrollment_id, letter_grade, is_fail, is_incomplete, published_at) SELECT id, 'I', false, true, now() FROM e;
WITH e AS (INSERT INTO public.enrollments (student_user_id, course_offering_id, status) VALUES ('55555555-5555-5555-5555-555555555506', '66666666-6666-6666-6666-666666643004', 'ENROLLED') RETURNING id) INSERT INTO public.grades (enrollment_id, letter_grade, is_fail, is_incomplete, published_at) SELECT id, 'B-', false, false, now() FROM e;
WITH e AS (INSERT INTO public.enrollments (student_user_id, course_offering_id, status) VALUES ('55555555-5555-5555-5555-555555555507', '66666666-6666-6666-6666-666666643001', 'ENROLLED') RETURNING id) INSERT INTO public.grades (enrollment_id, letter_grade, is_fail, is_incomplete, published_at) SELECT id, 'A-', false, false, now() FROM e;
WITH e AS (INSERT INTO public.enrollments (student_user_id, course_offering_id, status) VALUES ('55555555-5555-5555-5555-555555555507', '66666666-6666-6666-6666-666666643002', 'ENROLLED') RETURNING id) INSERT INTO public.grades (enrollment_id, letter_grade, is_fail, is_incomplete, published_at) SELECT id, 'A', false, false, now() FROM e;
WITH e AS (INSERT INTO public.enrollments (student_user_id, course_offering_id, status) VALUES ('55555555-5555-5555-5555-555555555507', '66666666-6666-6666-6666-666666643003', 'ENROLLED') RETURNING id) INSERT INTO public.grades (enrollment_id, letter_grade, is_fail, is_incomplete, published_at) SELECT id, 'B', false, false, now() FROM e;
WITH e AS (INSERT INTO public.enrollments (student_user_id, course_offering_id, status) VALUES ('55555555-5555-5555-5555-555555555507', '66666666-6666-6666-6666-666666643004', 'ENROLLED') RETURNING id) INSERT INTO public.grades (enrollment_id, letter_grade, is_fail, is_incomplete, published_at) SELECT id, 'B-', false, false, now() FROM e;
WITH e AS (INSERT INTO public.enrollments (student_user_id, course_offering_id, status) VALUES ('55555555-5555-5555-5555-555555555508', '66666666-6666-6666-6666-666666644001', 'ENROLLED') RETURNING id) INSERT INTO public.grades (enrollment_id, letter_grade, is_fail, is_incomplete, published_at) SELECT id, 'B', false, false, now() FROM e;
WITH e AS (INSERT INTO public.enrollments (student_user_id, course_offering_id, status) VALUES ('55555555-5555-5555-5555-555555555508', '66666666-6666-6666-6666-666666644002', 'ENROLLED') RETURNING id) INSERT INTO public.grades (enrollment_id, letter_grade, is_fail, is_incomplete, published_at) SELECT id, 'A-', false, false, now() FROM e;
WITH e AS (INSERT INTO public.enrollments (student_user_id, course_offering_id, status) VALUES ('55555555-5555-5555-5555-555555555508', '66666666-6666-6666-6666-666666644003', 'ENROLLED') RETURNING id) INSERT INTO public.grades (enrollment_id, letter_grade, is_fail, is_incomplete, published_at) SELECT id, 'B-', false, false, now() FROM e;
WITH e AS (INSERT INTO public.enrollments (student_user_id, course_offering_id, status) VALUES ('55555555-5555-5555-5555-555555555508', '66666666-6666-6666-6666-666666644004', 'ENROLLED') RETURNING id) INSERT INTO public.grades (enrollment_id, letter_grade, is_fail, is_incomplete, published_at) SELECT id, 'A', false, false, now() FROM e;
WITH e AS (INSERT INTO public.enrollments (student_user_id, course_offering_id, status) VALUES ('55555555-5555-5555-5555-555555555509', '66666666-6666-6666-6666-666666651001', 'ENROLLED') RETURNING id) INSERT INTO public.grades (enrollment_id, letter_grade, is_fail, is_incomplete, published_at) SELECT id, 'A-', false, false, now() FROM e;
WITH e AS (INSERT INTO public.enrollments (student_user_id, course_offering_id, status) VALUES ('55555555-5555-5555-5555-555555555509', '66666666-6666-6666-6666-666666651002', 'ENROLLED') RETURNING id) INSERT INTO public.grades (enrollment_id, letter_grade, is_fail, is_incomplete, published_at) SELECT id, 'B', false, false, now() FROM e;
WITH e AS (INSERT INTO public.enrollments (student_user_id, course_offering_id, status) VALUES ('55555555-5555-5555-5555-555555555509', '66666666-6666-6666-6666-666666651003', 'ENROLLED') RETURNING id) INSERT INTO public.grades (enrollment_id, letter_grade, is_fail, is_incomplete, published_at) SELECT id, 'B-', false, false, now() FROM e;
WITH e AS (INSERT INTO public.enrollments (student_user_id, course_offering_id, status) VALUES ('55555555-5555-5555-5555-555555555509', '66666666-6666-6666-6666-666666651004', 'ENROLLED') RETURNING id) INSERT INTO public.grades (enrollment_id, letter_grade, is_fail, is_incomplete, published_at) SELECT id, 'A', false, false, now() FROM e;
WITH e AS (INSERT INTO public.enrollments (student_user_id, course_offering_id, status) VALUES ('55555555-5555-5555-5555-555555555510', '66666666-6666-6666-6666-666666651001', 'ENROLLED') RETURNING id) INSERT INTO public.grades (enrollment_id, letter_grade, is_fail, is_incomplete, published_at) SELECT id, 'A-', false, false, now() FROM e;
WITH e AS (INSERT INTO public.enrollments (student_user_id, course_offering_id, status) VALUES ('55555555-5555-5555-5555-555555555510', '66666666-6666-6666-6666-666666651002', 'ENROLLED') RETURNING id) INSERT INTO public.grades (enrollment_id, letter_grade, is_fail, is_incomplete, published_at) SELECT id, 'B', false, false, now() FROM e;
WITH e AS (INSERT INTO public.enrollments (student_user_id, course_offering_id, status) VALUES ('55555555-5555-5555-5555-555555555510', '66666666-6666-6666-6666-666666651003', 'ENROLLED') RETURNING id) INSERT INTO public.grades (enrollment_id, letter_grade, is_fail, is_incomplete, published_at) SELECT id, 'B-', false, false, now() FROM e;
WITH e AS (INSERT INTO public.enrollments (student_user_id, course_offering_id, status) VALUES ('55555555-5555-5555-5555-555555555510', '66666666-6666-6666-6666-666666651004', 'ENROLLED') RETURNING id) INSERT INTO public.grades (enrollment_id, letter_grade, is_fail, is_incomplete, published_at) SELECT id, 'A', false, false, now() FROM e;
WITH e AS (INSERT INTO public.enrollments (student_user_id, course_offering_id, status) VALUES ('55555555-5555-5555-5555-555555555511', '66666666-6666-6666-6666-666666652001', 'ENROLLED') RETURNING id) INSERT INTO public.grades (enrollment_id, letter_grade, is_fail, is_incomplete, published_at) SELECT id, 'B', false, false, now() FROM e;
WITH e AS (INSERT INTO public.enrollments (student_user_id, course_offering_id, status) VALUES ('55555555-5555-5555-5555-555555555511', '66666666-6666-6666-6666-666666652002', 'ENROLLED') RETURNING id) INSERT INTO public.grades (enrollment_id, letter_grade, is_fail, is_incomplete, published_at) SELECT id, 'A-', false, false, now() FROM e;
WITH e AS (INSERT INTO public.enrollments (student_user_id, course_offering_id, status) VALUES ('55555555-5555-5555-5555-555555555511', '66666666-6666-6666-6666-666666652003', 'ENROLLED') RETURNING id) INSERT INTO public.grades (enrollment_id, letter_grade, is_fail, is_incomplete, published_at) SELECT id, 'B-', false, false, now() FROM e;
WITH e AS (INSERT INTO public.enrollments (student_user_id, course_offering_id, status) VALUES ('55555555-5555-5555-5555-555555555511', '66666666-6666-6666-6666-666666652004', 'ENROLLED') RETURNING id) INSERT INTO public.grades (enrollment_id, letter_grade, is_fail, is_incomplete, published_at) SELECT id, 'A', false, false, now() FROM e;
WITH e AS (INSERT INTO public.enrollments (student_user_id, course_offering_id, status) VALUES ('55555555-5555-5555-5555-555555555512', '66666666-6666-6666-6666-666666652001', 'ENROLLED') RETURNING id) INSERT INTO public.grades (enrollment_id, letter_grade, is_fail, is_incomplete, published_at) SELECT id, 'B', false, false, now() FROM e;
WITH e AS (INSERT INTO public.enrollments (student_user_id, course_offering_id, status) VALUES ('55555555-5555-5555-5555-555555555512', '66666666-6666-6666-6666-666666652002', 'ENROLLED') RETURNING id) INSERT INTO public.grades (enrollment_id, letter_grade, is_fail, is_incomplete, published_at) SELECT id, 'A-', false, false, now() FROM e;
WITH e AS (INSERT INTO public.enrollments (student_user_id, course_offering_id, status) VALUES ('55555555-5555-5555-5555-555555555512', '66666666-6666-6666-6666-666666652003', 'ENROLLED') RETURNING id) INSERT INTO public.grades (enrollment_id, letter_grade, is_fail, is_incomplete, published_at) SELECT id, 'B-', false, false, now() FROM e;
WITH e AS (INSERT INTO public.enrollments (student_user_id, course_offering_id, status) VALUES ('55555555-5555-5555-5555-555555555512', '66666666-6666-6666-6666-666666652004', 'ENROLLED') RETURNING id) INSERT INTO public.grades (enrollment_id, letter_grade, is_fail, is_incomplete, published_at) SELECT id, 'A', false, false, now() FROM e;
WITH e AS (INSERT INTO public.enrollments (student_user_id, course_offering_id, status) VALUES ('55555555-5555-5555-5555-555555555513', '66666666-6666-6666-6666-666666653001', 'ENROLLED') RETURNING id) INSERT INTO public.grades (enrollment_id, letter_grade, is_fail, is_incomplete, published_at) SELECT id, 'A', false, false, now() FROM e;
WITH e AS (INSERT INTO public.enrollments (student_user_id, course_offering_id, status) VALUES ('55555555-5555-5555-5555-555555555513', '66666666-6666-6666-6666-666666653002', 'ENROLLED') RETURNING id) INSERT INTO public.grades (enrollment_id, letter_grade, is_fail, is_incomplete, published_at) SELECT id, 'A-', false, false, now() FROM e;
WITH e AS (INSERT INTO public.enrollments (student_user_id, course_offering_id, status) VALUES ('55555555-5555-5555-5555-555555555513', '66666666-6666-6666-6666-666666653003', 'ENROLLED') RETURNING id) INSERT INTO public.grades (enrollment_id, letter_grade, is_fail, is_incomplete, published_at) SELECT id, 'B', false, false, now() FROM e;
WITH e AS (INSERT INTO public.enrollments (student_user_id, course_offering_id, status) VALUES ('55555555-5555-5555-5555-555555555513', '66666666-6666-6666-6666-666666653004', 'ENROLLED') RETURNING id) INSERT INTO public.grades (enrollment_id, letter_grade, is_fail, is_incomplete, published_at) SELECT id, 'B-', false, false, now() FROM e;
WITH e AS (INSERT INTO public.enrollments (student_user_id, course_offering_id, status) VALUES ('55555555-5555-5555-5555-555555555514', '66666666-6666-6666-6666-666666654001', 'ENROLLED') RETURNING id) INSERT INTO public.grades (enrollment_id, letter_grade, is_fail, is_incomplete, published_at) SELECT id, 'B-', false, false, now() FROM e;
WITH e AS (INSERT INTO public.enrollments (student_user_id, course_offering_id, status) VALUES ('55555555-5555-5555-5555-555555555514', '66666666-6666-6666-6666-666666654002', 'ENROLLED') RETURNING id) INSERT INTO public.grades (enrollment_id, letter_grade, is_fail, is_incomplete, published_at) SELECT id, 'A-', false, false, now() FROM e;
WITH e AS (INSERT INTO public.enrollments (student_user_id, course_offering_id, status) VALUES ('55555555-5555-5555-5555-555555555514', '66666666-6666-6666-6666-666666654003', 'ENROLLED') RETURNING id) INSERT INTO public.grades (enrollment_id, letter_grade, is_fail, is_incomplete, published_at) SELECT id, 'B', false, false, now() FROM e;
WITH e AS (INSERT INTO public.enrollments (student_user_id, course_offering_id, status) VALUES ('55555555-5555-5555-5555-555555555514', '66666666-6666-6666-6666-666666654004', 'ENROLLED') RETURNING id) INSERT INTO public.grades (enrollment_id, letter_grade, is_fail, is_incomplete, published_at) SELECT id, 'A', false, false, now() FROM e;
WITH e AS (INSERT INTO public.enrollments (student_user_id, course_offering_id, status) VALUES ('55555555-5555-5555-5555-555555555515', '66666666-6666-6666-6666-666666654001', 'ENROLLED') RETURNING id) INSERT INTO public.grades (enrollment_id, letter_grade, is_fail, is_incomplete, published_at) SELECT id, 'B-', false, false, now() FROM e;
WITH e AS (INSERT INTO public.enrollments (student_user_id, course_offering_id, status) VALUES ('55555555-5555-5555-5555-555555555515', '66666666-6666-6666-6666-666666654002', 'ENROLLED') RETURNING id) INSERT INTO public.grades (enrollment_id, letter_grade, is_fail, is_incomplete, published_at) SELECT id, 'A-', false, false, now() FROM e;
WITH e AS (INSERT INTO public.enrollments (student_user_id, course_offering_id, status) VALUES ('55555555-5555-5555-5555-555555555515', '66666666-6666-6666-6666-666666654003', 'ENROLLED') RETURNING id) INSERT INTO public.grades (enrollment_id, letter_grade, is_fail, is_incomplete, published_at) SELECT id, 'B', false, false, now() FROM e;
WITH e AS (INSERT INTO public.enrollments (student_user_id, course_offering_id, status) VALUES ('55555555-5555-5555-5555-555555555515', '66666666-6666-6666-6666-666666654004', 'ENROLLED') RETURNING id) INSERT INTO public.grades (enrollment_id, letter_grade, is_fail, is_incomplete, published_at) SELECT id, 'A', false, false, now() FROM e;
-- Semester results (computed from grades; F -> BLOCKED, I -> BLOCKED)

INSERT INTO public.semester_results (student_user_id, semester_id, sgpa, status, blocked_reason)
SELECT
  s.user_id,
  co.semester_id,
  CASE
    WHEN bool_or(g.is_fail) OR bool_or(g.is_incomplete) THEN NULL
    ELSE ROUND( SUM(c.credits * gs.grade_point) / NULLIF(SUM(c.credits), 0), 2 )
  END AS sgpa,
  CASE
    WHEN bool_or(g.is_fail) OR bool_or(g.is_incomplete) THEN 'BLOCKED'::semester_result_status
    ELSE 'GENERATED'::semester_result_status
  END AS status,
  CASE
    WHEN bool_or(g.is_fail) THEN
      'Failing grade (F) in course ' || string_agg(c.code || ' ' || c.title, ', ') FILTER (WHERE g.is_fail)
      || ' — SGPA withheld until retake.'
    WHEN bool_or(g.is_incomplete) THEN
      'Incomplete grade (I) in course ' || string_agg(c.code || ' ' || c.title, ', ') FILTER (WHERE g.is_incomplete)
      || ' — SGPA withheld until completion.'
    ELSE NULL
  END AS blocked_reason
FROM public.students s
JOIN public.enrollments e     ON e.student_user_id = s.user_id AND e.status <> 'RETAKE'
JOIN public.course_offerings co ON co.id = e.course_offering_id
JOIN public.courses c         ON c.id = co.course_id
JOIN public.grades g          ON g.enrollment_id = e.id
LEFT JOIN public.grade_scale gs ON gs.letter = g.letter_grade
GROUP BY s.user_id, co.semester_id
ON CONFLICT (student_user_id, semester_id) DO UPDATE
  SET sgpa = EXCLUDED.sgpa,
      status = EXCLUDED.status,
      blocked_reason = EXCLUDED.blocked_reason;

-- Notices (mix of university-wide and department-wide, one pinned)

INSERT INTO public.notices (id, title, body, target_department_id, target_semester_id, is_pinned, published_by_user_id) VALUES
  (gen_random_uuid(), 'Spring 2026 Semester Registration Open', 'Registration for Spring 2026 is now open. Deadline: Jan 31, 2026. Late fees apply after the deadline.', NULL, '33333333-3333-3333-3333-333333333304', true, '77777777-7777-7777-7777-7777777700aa'),
  (gen_random_uuid(), 'Mid-Term Exam Schedule Published', 'The mid-term examination schedule for Spring 2026 has been published on the notice board.', NULL, '33333333-3333-3333-3333-333333333304', false, '77777777-7777-7777-7777-7777777700aa'),
  (gen_random_uuid(), 'CSE Departmental Seminar: AI in Bangladesh', 'Guest lecture by Dr. Kamrul Ahsan on 15 Feb 2026, 3:00 PM at CSE Seminar Hall.', '11111111-1111-1111-1111-111111111101', NULL, false, '66666666-6666-6666-6666-6666666600aa'),
  (gen_random_uuid(), 'EEE Lab Safety Briefing', 'All EEE students must attend the mandatory lab safety briefing before starting sessional courses.', '11111111-1111-1111-1111-111111111103', NULL, false, '77777777-7777-7777-7777-7777777700aa'),
  (gen_random_uuid(), 'Holiday Notice: 26 March', 'The university will remain closed on 26 March 2026 in observance of Independence Day.', NULL, NULL, false, '77777777-7777-7777-7777-7777777700aa');

-- Payments (one PAID, one OVERDUE, one PARTIAL, plus normal rows)

DO $$
DECLARE r record; BEGIN
  FOR r IN SELECT user_id, current_semester_id FROM public.students WHERE current_semester_id IS NOT NULL LOOP
    INSERT INTO public.payments (student_user_id, semester_id, amount_due, amount_paid, due_date, status)
    VALUES (r.user_id, r.current_semester_id, 45000.00, 45000.00, CURRENT_DATE + INTERVAL '30 days', 'PAID')
    ON CONFLICT (student_user_id, semester_id) DO NOTHING;
  END LOOP;
END $$;

UPDATE public.payments SET amount_paid = 0, status = 'OVERDUE', due_date = CURRENT_DATE - INTERVAL '10 days' WHERE student_user_id = '55555555-5555-5555-5555-555555555501';
UPDATE public.payments SET amount_paid = 20000, status = 'PARTIAL', due_date = CURRENT_DATE + INTERVAL '5 days' WHERE student_user_id = '55555555-5555-5555-5555-555555555505';
COMMIT;